{
  "rows_total": 5516,
  "rows_train": 4043,
  "rows_test": 1473,
  "subjects_train": [
    "S11",
    "S13",
    "S14",
    "S15",
    "S16",
    "S17",
    "S2",
    "S3",
    "S5",
    "S7",
    "S9"
  ],
  "subjects_test": [
    "S10",
    "S4",
    "S6",
    "S8"
  ],
  "accuracy": 0.8547182620502376,
  "f1": 0.8167808219178082,
  "precision": 0.754746835443038,
  "recall": 0.8899253731343284,
  "roc_auc": 0.9253273387597764,
  "confusion_matrix": [
    [
      782,
      155
    ],
    [
      59,
      477
    ]
  ],
  "classification_report": {
    "0": {
      "precision": 0.929845422116528,
      "recall": 0.8345784418356457,
      "f1-score": 0.8796400449943758,
      "support": 937.0
    },
    "1": {
      "precision": 0.754746835443038,
      "recall": 0.8899253731343284,
      "f1-score": 0.8167808219178082,
      "support": 536.0
    },
    "accuracy": 0.8547182620502376,
    "macro avg": {
      "precision": 0.842296128779783,
      "recall": 0.862251907484987,
      "f1-score": 0.848210433456092,
      "support": 1473.0
    },
    "weighted avg": {
      "precision": 0.8661299825666361,
      "recall": 0.8547182620502376,
      "f1-score": 0.8567666277716736,
      "support": 1473.0
    }
  }
}