{
  "type": "logistic_regression_binary",
  "features": [
    "bpm_avg",
    "bpm_min",
    "bpm_max",
    "bpm_std",
    "hrv_rmssd",
    "hrv_sdnn",
    "gsr_avg",
    "gsr_min",
    "gsr_max",
    "gsr_std",
    "gsr_slope",
    "temp_avg",
    "temp_min",
    "temp_max",
    "temp_std",
    "temp_slope"
  ],
  "scaler_mean": [
    84.08265371267714,
    47.6376815348956,
    137.46311585559064,
    21.5244255075626,
    264.5154060578256,
    195.1255915978492,
    2.2778803619342085,
    2.1658446643581577,
    2.3877127049220888,
    0.05003253025349171,
    -0.00011826655084688239,
    33.05333057135798,
    33.01059361859992,
    33.095619589413545,
    0.02310893865968395,
    -2.0003484659545368e-05
  ],
  "scaler_scale": [
    13.806664495351182,
    9.299352161207032,
    20.38995379280313,
    7.303166359427765,
    90.19808400283127,
    64.88644533840966,
    2.888258956847009,
    2.7272590969380577,
    2.9956501060741076,
    0.08037376008613988,
    0.0016347682151192824,
    1.6488286537200907,
    1.6462331383228856,
    1.6523381168121216,
    0.016256328575676927,
    0.0006930839048976023
  ],
  "coef": [
    3.510552578595855,
    0.46763468025873217,
    -0.035322106554524633,
    -0.7933095206020854,
    0.22115996414155337,
    1.4694807274469355,
    -1.3539522133394375,
    1.5144296462782765,
    -0.13904772015384062,
    0.9146621346099574,
    0.8276897661301827,
    -0.20707336197886075,
    -0.3126044368455287,
    -0.2710318663561025,
    -0.9914153910606377,
    -1.3630592719441972
  ],
  "intercept": -0.9633178409507093,
  "threshold": 0.5
}